path	bytes	sha256
.gitignore	294	ae3d0de71ba89af7dc34c131da86c1217ab42103e3292a41493815d4e356363a
etc/systemd/system/acoustic-eye-aht20.service	396	9b1fe91ffa20ebacfee26bb9235a9feb115d3782d83e99f7a328ba1a92b6ec05
etc/systemd/system/acoustic-eye-angle.service	381	c8f786c4116b2deae66c9011b53c0fcc0f925159ba04d0549e2923dceb7c5838
etc/systemd/system/astra-ros2.service	840	c5aa0462f728168d53f61c556580c10124cf40f4fefc54de1f59ab6fa2104dc1
etc/systemd/system/bluetooth.service.d/phytium-uart.conf	183	1da1a781bcf2ccf5e41ec925fc2dc3308b73a892e09b21464fdb6e2d9c0a4271
etc/systemd/system/gimbal-camera-tf.service	716	e8be8d1018bf91e26910e75e2db169bfab24323a4aed02e3866520cea9012588
etc/systemd/system/gimbal-daemon.service	538	7e1da08c3fd418d53b276580fb9b9ca803d9b33d83a80c7277e1c85260981ab7
etc/systemd/system/gimbal-tf-state.service	403	c489b9158a3637601911de9894b24bbdd5a7b1bf79acf99be1d04f223ed958e1
etc/systemd/system/lidar-odometry.service	411	0adace108c498f1eaa67dc727f267dd819a478f4744d75bc6ad5feb3d97ba374
etc/systemd/system/lidar-web-viewer.service	491	c3e8be8bd68d2f8d1b891a20cbd0f890bb9c1f4dfbca16ddf1fa19dad2638323
etc/systemd/system/openamp-initproc.service	321	428f46cec62ce30bbdad6e32373d8777a0ae732f44599b7f9dbed6f2576bc77a
etc/systemd/system/robot-service-control.service	378	17a9778a113285a070392a29d79d942ccb58025fd71233e53f6df20c4a94431e
etc/systemd/system/rplidar.service	321	91d9d819b809f938d044e9c8761d8094869b4505f76be981173836f556104e9f
etc/systemd/system/rpmsg-broker.service	474	d752c85d57d0be49daac645a0daed27c56de3374aa95b660614a6f5277d9c42c
etc/systemd/system/rpmsg-monitor.service	444	e66977988ffcc886824559cfa60c0a69be5f1288bc8d211461b353087649f60e
etc/systemd/system/slam-toolbox.service	381	35e64e7b18b9f522787d242e0f5616ed8e6f14710ce0046b16fa11a29a4f6f79
etc/systemd/system/systemd-hciattach.service.d/restart.conf	25	53e24c82772024daf796d652f374dd1fba62d5755eb010094d090bb12168ae42
etc/systemd/system/target-localizer.service	770	125c7fcb57181f11161ecabd350b62e6c509fdef37940bc9e57fb1d131a06761
etc/systemd/system/wifi-screen.service	685	2eb1a0353b15b4e59de42b6c121c2a03106b85c33ff27a69eb9a576d7dd5b5c1
etc/systemd/system/wifi-screen.service.d/runtime-directory-preserve.conf	118	fcd1cac7a1a4af4f3d7635af380d15c492d0cc357cb987f00b239cd85fcc727d
etc/systemd/system/yolo-detector.service	447	5d173925ef9ce3aa79989e6aaf083c262eb4a76c8eaa5d0863d8a2a3cdac0284
home-user/.config/systemd/user/nav2-preview.service	329	7f0bf2c59c99108e20ede86eee7cf81102f2c1f261b4a95c09aaf1df5c173470
home-user/.config/systemd/user/robot-ai-voice.service	1387	6cefd29a50ad4e98eda4456ec6b6ad1d5944a07cef340b7835d3673c74ab2967
home-user/.config/systemd/user/voice-navigation-bridge.service	361	ea490fa91d7f074152608af8559bd038e2aec3800c44279fabfb7edaaaa17d3b
home-user/.config/systemd/user/web-new-map-bridge.service	388	42ff8d899114adfd6f61706aac02ebecad9066f0d7ccd26cf1bfe1f1199b411d
home-user/acoustic-eye-i2c/acoustic-eye-aht20.service	396	9b1fe91ffa20ebacfee26bb9235a9feb115d3782d83e99f7a328ba1a92b6ec05
home-user/acoustic-eye-i2c/acoustic-eye-angle.service	381	c8f786c4116b2deae66c9011b53c0fcc0f925159ba04d0549e2923dceb7c5838
home-user/acoustic-eye-i2c/aht20_reader.py	3055	f66fa4190d24bcd1e74ae10ab96912a16ff80deb17308f84859c1290a9076d1e
home-user/acoustic-eye-i2c/angle_reader.py	2343	f1253814cfbf5ffcb3a05a481369883e022201df43ca9f07546339759b43b7f0
home-user/camera_ros2_ws/src/astra-camera-ros2/CMakeLists.txt	1644	068e8ce491db03adf70ab4a199ad3f73474ba3086a8648466b82857e5da12a3a
home-user/camera_ros2_ws/src/astra-camera-ros2/launch/astra_camera.launch.py	4123	7fb29937fc1b30e85a13aa4dde3186b3d6e2cab58c9a381d583c1e09b76e8733
home-user/camera_ros2_ws/src/astra-camera-ros2/package.xml	589	1650066db52e1245b2cae403fee324639c3085b5e029f49cd666aa7548738942
home-user/camera_ros2_ws/src/astra-camera-ros2/src/depth_camera_node.cpp	6090	ff64d4dec1ab23eef66ae41c0956dda3d2a0a09715b1c33b094267c74b6a6582
home-user/camera_ros2_ws/src/astra-camera-ros2/src/depth_registration_node.cpp	7942	d33d103dc406e8b4207be200ecc280abca56feba0997cf2b44475c2f897bed1d
home-user/camera_ros2_ws/src/target-localization-ros2/package.xml	634	182c43d910f4da73371e12700025628f2de7b4d639efa0c027e93b3d8b3b622a
home-user/camera_ros2_ws/src/target-localization-ros2/resource/target_localization_ros2	25	4189ace8a30278d5a77d69a7441444a1efb18f3fadaaf1cfb511f2b26afcea4f
home-user/camera_ros2_ws/src/target-localization-ros2/setup.cfg	117	b2424ca484fb57f8beca2d835cb529e3fea9657a2f201494e8836e53d69fa13f
home-user/camera_ros2_ws/src/target-localization-ros2/setup.py	727	b2774137a0fb7e8039bebb740f8a59b979d2856f53ed386c3f645eb06ba31ecf
home-user/camera_ros2_ws/src/target-localization-ros2/target_localization_ros2/__init__.py	41	d6d1f828169f7492c10d7fcbcfe1f85ff64bf4fbacdceb07fe7eebd5ae38464c
home-user/camera_ros2_ws/src/target-localization-ros2/target_localization_ros2/target_localizer.py	19627	1c1f50fee65302accb2478f63674f838ef54b649971a14afeb65de2a7cea9a9c
home-user/camera_ros2_ws/src/target-localization-ros2/target-localizer.service	770	125c7fcb57181f11161ecabd350b62e6c509fdef37940bc9e57fb1d131a06761
home-user/ch341_module_src/.ch341.ko.cmd	273	77a2c5255c5736ee5b2ca36a7008ba8679a819d30bf7d3533a84ba85fbae01c4
home-user/ch341_module_src/.ch341.mod.cmd	177	59c69bfa0ec493294791b2a4b3ea25421e05619bb18b625dab0777e5c02ae4f7
home-user/ch341_module_src/.ch341.mod.o.cmd	40916	d4b8e6bef0d73ab50154425cd0f9b003e166bad246201106e5b1a4db55c06ba9
home-user/ch341_module_src/.ch341.o.cmd	50273	5f181812f923578a2edcbd37b44822485f7f5703029bebcb885b2774c65b83d2
home-user/ch341_module_src/.Module.symvers.cmd	199	8ae6cf11bfce1046fe84a79eb37fb0b6cab351c090e1cc52038b5784afb97e95
home-user/ch341_module_src/.modules.order.cmd	149	54274fa7c7e6f3bbb8f054756876edb7fa36f7d54fdc2f9571675dd88961626c
home-user/ch341_module_src/ch341.c	22346	57ad2b903f1bcbdbc4604392816cc82510972811b1d8935b943a9b9c2e578306
home-user/ch341_module_src/ch341.mod	36	47340e6c6b1930a678000d91725936f92ac451f2b66e971742fce21bb66c0ea7
home-user/ch341_module_src/ch341.mod.c	1043	8c9ee548eb69713919da509c21ffd5523b5bc1b47ceeedcb7d67a6ea409c7b84
home-user/ch341_module_src/Makefile	17	8e8f13b59200681f5315098d894afd4ca826e4bccbec01850beb77a611b7a6a0
home-user/ch341_module_src/Module.symvers	0	e3b0c44298fc1c149afbf4c8996fb92427ae41e4649b934ca495991b7852b855
home-user/ch341_module_src/modules.order	36	47340e6c6b1930a678000d91725936f92ac451f2b66e971742fce21bb66c0ea7
home-user/gimbal-daemon/gimbal_daemon.py	18436	13ea5c46668932492426e582bf06ba0a63974e8857d6ecb2d7a8e308642e7a55
home-user/openamp_rpmsg_comm/.gitattributes	68	d8fb0de4792538f93822b2c0d235604921299d5e54a3d6ec7a6cb34536e8bf1e
home-user/openamp_rpmsg_comm/.gitignore	26	6cf68f361ed9af9c89f8304b81604d87347c3d38348e90f1e5bef55ea8fa99a5
home-user/openamp_rpmsg_comm/bind_rpmsg.sh	706	c2662bb168c95bd0ac755580fd85c28b8a0d6a43f0189ff006c9aa309af67895
home-user/openamp_rpmsg_comm/CAN_TIMING_FIX_SUMMARY.md	4000	2083de9f20f70616a00ee5e27a5f87237dc99442c304d2cfb7b2f5046a3b06fd
home-user/openamp_rpmsg_comm/DEPLOY_VERIFY.md	5096	052f961839dba8066a642cceb5d008e2659a3da36a6bbbcee086787752525b5b
home-user/openamp_rpmsg_comm/gimbal.conf	507	294427d42d412e02e1db9d0cde1a151bf83cd6c8fa2930d68fdcb2c87d9b2bc8
home-user/openamp_rpmsg_comm/GIMBAL_DAEMON_GUIDE.md	4367	9ab5ceae1c15bedee8ba7efbf79f26e4ad47bf7c461c810d9cb22f7342243227
home-user/openamp_rpmsg_comm/GIMBAL_TEST_GUIDE.md	6515	c9785d380dc49a45c9277f6209527c83e52b1cc31eaf464dbc2c0bedc3054743
home-user/openamp_rpmsg_comm/integration/phytium-pi-os/0001-openamp-enable-application-peripherals.patch	1567	e047675bbd4480e2b81f9b43627458e17efadfe638ab5cdbf41c9055ca1fc2e8
home-user/openamp_rpmsg_comm/integration/phytium-pi-os/0002-openamp-connect-application-rpmsg-handler.patch	6185	43e97195f2874a8ccbbd539720be1adea2d620fe10fa2ee09142d700d384049c
home-user/openamp_rpmsg_comm/integration/systemd/chassis-state.service	423	4250879feaeffde0858da9016f3fb56c455190874ae7514e7fb6cb030368822c
home-user/openamp_rpmsg_comm/integration/systemd/gimbal-camera-tf.service	716	e8be8d1018bf91e26910e75e2db169bfab24323a4aed02e3866520cea9012588
home-user/openamp_rpmsg_comm/integration/systemd/gimbal-daemon.service	538	7e1da08c3fd418d53b276580fb9b9ca803d9b33d83a80c7277e1c85260981ab7
home-user/openamp_rpmsg_comm/integration/systemd/gimbal-tf-state.service	403	c489b9158a3637601911de9894b24bbdd5a7b1bf79acf99be1d04f223ed958e1
home-user/openamp_rpmsg_comm/integration/systemd/openamp-initproc.service	321	428f46cec62ce30bbdad6e32373d8777a0ae732f44599b7f9dbed6f2576bc77a
home-user/openamp_rpmsg_comm/integration/systemd/openamp-initproc.sh	1742	a31fe7f49147408aff98c11e1f7e77500df95a04fd1ffa82563be5b9db0923a9
home-user/openamp_rpmsg_comm/integration/systemd/rpmsg-broker.service	474	d752c85d57d0be49daac645a0daed27c56de3374aa95b660614a6f5277d9c42c
home-user/openamp_rpmsg_comm/integration/systemd/rpmsg-monitor.service	444	e66977988ffcc886824559cfa60c0a69be5f1288bc8d211461b353087649f60e
home-user/openamp_rpmsg_comm/integration/systemd/user/chassis-state.service	356	9692292ca06c930f75b5bd351cf0557888643af5394a37308daeaaecb85a28d1
home-user/openamp_rpmsg_comm/LEG_KINEMATICS_GUIDE.md	4924	44e42ebabe954b83ba8d09dd8bf9e9cec93262f90a79a75969f265f4b436a78c
home-user/openamp_rpmsg_comm/linux_user/balance_logger.c	16981	f6f904a0c82589046c3293322bc2094ee6b8d1baaa60f483140cec22c39fc41b
home-user/openamp_rpmsg_comm/linux_user/chassis_state_bridge.py	5388	670c18a2529ac9052bcb79d220b4d8d60b5cbacf431e761f114a999b86b7711f
home-user/openamp_rpmsg_comm/linux_user/gimbal_daemon.py	18436	13ea5c46668932492426e582bf06ba0a63974e8857d6ecb2d7a8e308642e7a55
home-user/openamp_rpmsg_comm/linux_user/gimbal_test.c	24774	220b0fa32a9d6aac0d75a2b2bc15b155687a9a1057aa6c5fb2c98559f6954503
home-user/openamp_rpmsg_comm/linux_user/gimbal_tf_state_bridge.py	4260	2012ea289abf6f63d6640abc83b2166bbecb21ded153d6b0b7a148cf359169d8
home-user/openamp_rpmsg_comm/linux_user/gimbalctl.py	1550	050a6e49c617bea85d19e34d2c96a08fa29209aba9f194f4801f433e44db3a44
home-user/openamp_rpmsg_comm/linux_user/rpmsg_broker.c	14664	dfb13d792aaa0fea757fa6afd15f64eb3a5491af489059c9531f9830e6a5fcd2
home-user/openamp_rpmsg_comm/linux_user/rpmsg_client.c	44787	ba5d22be077b04931bc72a03a22e672b0114f8c471c06b06daa962914858c2e9
home-user/openamp_rpmsg_comm/linux_user/rpmsg_monitor.html	15673	f9b08cd55e9b5f289505790a878d66eebd3bea70b8ae8d8778db04156d3eb27f
home-user/openamp_rpmsg_comm/linux_user/rpmsg_monitor.py	11403	ba76292af108077e146b0d2a54c62fa471ba7bd4793041a1d7e5bf691c399b6e
home-user/openamp_rpmsg_comm/LQR_IMPLEMENTATION_REPORT.md	7765	318c2121a08290e53f27b9b0ad0b4c3d47a9bb8519cff656f550d4626b739e2a
home-user/openamp_rpmsg_comm/Makefile	5957	8ef68a1589d5a85a99681e63203c3be9f0e07c4070344890ecdfcc050eb042cb
home-user/openamp_rpmsg_comm/POSITION_HOLD_OUTER_LOOP_HANDOFF.md	11156	305f4ff6af601bc85044be45d8c7f39270fb325697ec88eee3a86ec05a6f5fd2
home-user/openamp_rpmsg_comm/PWM_SERVO_FIX_SUMMARY.md	3859	86a41761d60b6cc2c9b3f1018b512e620cea0f9807606de36fe1b825be1e0dab
home-user/openamp_rpmsg_comm/README.md	17753	203f16e65c7aa3ac4a2cbb740c0676f029f9abdad06aca8cd74893d73e281c7b
home-user/openamp_rpmsg_comm/remote_firmware/balance_controller.c	27702	9022bd09949f7b2a0888c4a1bd48b8a52226b5ec2b70668caa532104ceef7703
home-user/openamp_rpmsg_comm/remote_firmware/balance_controller.h	3528	0fee92bac96cc24daea06586a64a2f5ffc6845027ad8a3beff278edf2633cd56
home-user/openamp_rpmsg_comm/remote_firmware/gimbal_controller.c	30049	af2f2a2cc9d7385f656ca360a4fcd7c829b44c7d40a26e4810c4e0cd608e097d
home-user/openamp_rpmsg_comm/remote_firmware/gimbal_controller.h	3045	4e833c0d5f17bf9cfaf07a35e9a78e5cdfa515de4a02e9011e8b4e5768448321
home-user/openamp_rpmsg_comm/remote_firmware/lqr_controller.c	4776	42027e640f4f098e32a872dfe9b9b57d45d5d280584c25905fc8e20530c262f8
home-user/openamp_rpmsg_comm/remote_firmware/lqr_controller.h	1553	f570a8fc8995d760e52ad1baca16989abda86cb13683bb7829afbce4b1e221d8
home-user/openamp_rpmsg_comm/remote_firmware/motor_can.c	4227	8385546485c41c77b4eca020c0a6252f8a8974485213d6c8b3647b7399fd8822
home-user/openamp_rpmsg_comm/remote_firmware/motor_can.h	1550	7bbe0188d60786194508b1b4b86b31757ebcb9ae7e7ffe42d26bb71b91ec42cd
home-user/openamp_rpmsg_comm/remote_firmware/phytium_bmi088_port.c	13200	5472a4244917e897120297b198af18e435591dd0e7eff613ea8ea548fca71e32
home-user/openamp_rpmsg_comm/remote_firmware/phytium_bmi088_port.h	1072	a3b0451951022303d9546da57c5185a5f2f82744e7038751cdec30f434113568
home-user/openamp_rpmsg_comm/remote_firmware/phytium_can_port.c	10481	5d3eb7b6866ad0ea4460a9e5681e8bb006fc699c3aaf1df109a38bcd5cb3ab28
home-user/openamp_rpmsg_comm/remote_firmware/phytium_can_port.h	1321	9d665c03228b6d9ef492ddcb14a8d751860a27c93560765dd61cd4e95f6b4e4b
home-user/openamp_rpmsg_comm/remote_firmware/phytium_servo_port.c	12854	369cf4c5be153517a1965507fa8518d91eee501f3be6881c34cb22085469e3e2
home-user/openamp_rpmsg_comm/remote_firmware/phytium_servo_port.h	1027	620f004bb72d2bed7cdef9af4f7b5e3f9fb4a0dd441d1bdcd2ba95e27c7e205e
home-user/openamp_rpmsg_comm/remote_firmware/position_hold_controller.c	1209	7469edafde3eb405acba1f8cf22ba195fe3ec64e5e7bcf75106dc3e1e1ec9fac
home-user/openamp_rpmsg_comm/remote_firmware/position_hold_controller.h	491	4f6928b969de67f4cd6f23df46fe30f8ae43a36b19adc2d19a37f656faceb676
home-user/openamp_rpmsg_comm/remote_firmware/README.md	1874	de1406650cb63c1cf840a88aca23553720f21c17fbd3942a42e0171226ab6765
home-user/openamp_rpmsg_comm/remote_firmware/servo_motion_controller.c	8277	e4b5f197c3baf02c42b75080d0a95ed9990afa41b698c92a0cb6b5c943cd4fd7
home-user/openamp_rpmsg_comm/remote_firmware/servo_motion_controller.h	1276	3a62bddbf427e20112fe23379d2d64e9af701c21d2803ffe1783d22cc4fd2801
home-user/openamp_rpmsg_comm/remote_firmware/slave_app.c	50388	edc71c75252832d561bdfdc710a7964f7c3708945ea44931f38b5180f566e7fc
home-user/openamp_rpmsg_comm/remote_firmware/slave_app.h	301	4794d04fa8d143d43762b6b5f0df8d68ea2bd3ea55b830441d81b327d5f8286d
home-user/openamp_rpmsg_comm/ros2/chassis_control_ros2/chassis_control_ros2/__init__.py	1	01ba4719c80b6fe911b091a7c05124b64eeece964e09c058ef8f9805daca546b
home-user/openamp_rpmsg_comm/ros2/chassis_control_ros2/chassis_control_ros2/chassis_node.py	11229	952b2dc725d946a50e1237cce445a18687f989b1377375dc296d842b9fba795d
home-user/openamp_rpmsg_comm/ros2/chassis_control_ros2/chassis_control_ros2/protocol.py	4245	91c9233d3fabdcadc31316ec8aa845dcaa9d23c4622a46376dcbc0227a9e190f
home-user/openamp_rpmsg_comm/ros2/chassis_control_ros2/config/chassis.yaml	470	7bf9e4917a502bbb234bd16efde80f865b66c3f3f270c32e068f67fadea50cbc
home-user/openamp_rpmsg_comm/ros2/chassis_control_ros2/launch/chassis.launch.py	554	9c1a27fe9acbc9966eb0b8279d051b96ddd1022371673dbef596eb29f0a36c19
home-user/openamp_rpmsg_comm/ros2/chassis_control_ros2/package.xml	784	435c7c6b972e9b18396c76e362425aaf54cb1f8c36b2eeb55b86afd3af6df484
home-user/openamp_rpmsg_comm/ros2/chassis_control_ros2/README.md	2162	b4b2c56c38b5e27807713de183293c9eb4c7d21694eed3e7a0caec3db52f022e
home-user/openamp_rpmsg_comm/ros2/chassis_control_ros2/resource/chassis_control_ros2	1	01ba4719c80b6fe911b091a7c05124b64eeece964e09c058ef8f9805daca546b
home-user/openamp_rpmsg_comm/ros2/chassis_control_ros2/setup.cfg	109	8112679cf6f43f45c13e51e4925b2687472f117545d709d75fbcbaa4cf6a71e4
home-user/openamp_rpmsg_comm/ros2/chassis_control_ros2/setup.py	853	ee4552d5949dac85cac047ebef01bf644f343961a97e38e0fea36be5075c2370
home-user/openamp_rpmsg_comm/ros2/chassis_control_ros2/test/test_protocol.py	987	d40815592cccfd70e92a31417fb3c9772dd6b87332ae9279ce6e617736f00917
home-user/openamp_rpmsg_comm/ros2/gimbal_camera_tf_ros2/config/gimbal_tf_calibration.json	455	6b3bedd499dfeb5e59e8bc2f7614bcccb10c1d08c061b3c0488591f33f5a33e8
home-user/openamp_rpmsg_comm/ros2/gimbal_camera_tf_ros2/gimbal_camera_tf_ros2/__init__.py	56	5d55b9769fb95d09c60fa669707e9196c6b97e7eaa6b9605a3cf49bb1c6f83fe
home-user/openamp_rpmsg_comm/ros2/gimbal_camera_tf_ros2/gimbal_camera_tf_ros2/node.py	8796	91fddec9d055f95a0db88d54ab2c1f5b2c874c55db8d37e501845ad862bff4f1
home-user/openamp_rpmsg_comm/ros2/gimbal_camera_tf_ros2/package.xml	651	1a9ed9542e44c9481bd905f74a139efb878389984797b68bac086e6641486095
home-user/openamp_rpmsg_comm/ros2/gimbal_camera_tf_ros2/README.md	868	3c23f32653fb42e631d3c6e9f5067962848fd16490aa750b225abb06d6ff3846
home-user/openamp_rpmsg_comm/ros2/gimbal_camera_tf_ros2/resource/gimbal_camera_tf_ros2	1	01ba4719c80b6fe911b091a7c05124b64eeece964e09c058ef8f9805daca546b
home-user/openamp_rpmsg_comm/ros2/gimbal_camera_tf_ros2/setup.cfg	111	6885cc2ee2369aa21161f2561b7b7b8b21335e5a72b03dd661e77b4762106721
home-user/openamp_rpmsg_comm/ros2/gimbal_camera_tf_ros2/setup.py	727	860a68b0b7e0c112b22248999e35fa3db2f20336f104ab0c666074d063a69f95
home-user/openamp_rpmsg_comm/ros2/gimbal_camera_tf_ros2/test/test_state.py	1564	487e90e18614dccaeb2627bc4c15e4517fa76847bbda1cb0b8b62eb33f54aecb
home-user/openamp_rpmsg_comm/RPMSG_BROKER_GUIDE.md	3417	2230792e147f22bd21f4ec33a1043dc7dc190d0ad5b6e4399efed4678a85640f
home-user/openamp_rpmsg_comm/RPMSG_MONITOR_GUIDE.md	1625	65da272769928e843e3ec3dbda40718d66e6dabcb2ff6ced8f4521a7c725a900
home-user/openamp_rpmsg_comm/SERVO_ROLL_BRINGUP.md	6540	b7e77f855a8daa74f5ae33b20c5f9d8343e3dfbb8133a8d0c6ef9aaf09eb3348
home-user/openamp_rpmsg_comm/src/leg_joint_mapping.c	1514	8515e0db2bde6eaa9880600f5d917ca1ab2ef6c67747652fdd7e5755a827c9f3
home-user/openamp_rpmsg_comm/src/leg_joint_mapping.h	612	89888e2daa2869c1a1d0dc7499698088eba01eb3b03e6dd8f0c3e7d93849e0a1
home-user/openamp_rpmsg_comm/src/leg_kinematics.c	7451	f5e99930adb83cb50ce0018813c427e59f04bdfffea1b434861e045913ebf599
home-user/openamp_rpmsg_comm/src/leg_kinematics.h	1410	3914eaaaa0bf365853558c9be01cf0a8b1407b64e102209088df1bbc45fa1bb0
home-user/openamp_rpmsg_comm/src/leg_robot_geometry.c	907	a256b5e098d5752a0b54c9adfb1fe3456e38c305fe41f33f38562aa1b32d4888
home-user/openamp_rpmsg_comm/src/leg_robot_geometry.h	181	b4a94d08ce00e74f7a1e9575bca943e60ffa786f6209cf4a0c8b920f4a104ad0
home-user/openamp_rpmsg_comm/src/rpmsg_protocol.c	1463	ef969eb8e2b3e1de535fdd77ff07a7382333359302d85c4d34b311ff65c55721
home-user/openamp_rpmsg_comm/src/rpmsg_protocol.h	2500	6f326264818a4370fa401284b6a77d764f166d493c564895713fa6bcffed2737
home-user/openamp_rpmsg_comm/src/rpmsg_transport.c	1298	5b268bf95d083d848c1f97934222bc628288fdfbcc5a0ff55e0a67cdb04b4c49
home-user/openamp_rpmsg_comm/src/rpmsg_transport.h	411	e298408a63f23df3d32a57e2bf7f4017787d39a06882f33d5ff29f5dddfd8436
home-user/openamp_rpmsg_comm/tests/gimbal_controller_test.c	12394	e3c3eda47ab4c6e7517da4d28fc8b776aeaae5f53c276c3df4e230e5fd0f19f2
home-user/openamp_rpmsg_comm/tests/leg_joint_mapping_test.c	1388	2611a5008a90930d9d30c12e195637d8052f3d402104a18d840731e3f80e9333
home-user/openamp_rpmsg_comm/tests/leg_kinematics_test.c	4821	ef8711c58d13ac753e67dcd7a566b0e2f8046eb6d0b7c032d40ea12eaea76516
home-user/openamp_rpmsg_comm/tests/lqr_controller_test.c	3273	4f581933e92607c128964c3caebd1fc8fb5fe7d59f8e65f2b90e80d5cbd71993
home-user/openamp_rpmsg_comm/tests/motor_balance_protocol_test.c	1973	698430a761faf18ac40ef3dbfac44f18c280f6fa4c5c396e2c7a84cc942660a2
home-user/openamp_rpmsg_comm/tests/position_hold_controller_test.c	1512	86d4feafc9e262bb702f7de307576f88ac8b04cb7b0da9f645f8d4543e280ddd
home-user/openamp_rpmsg_comm/tests/servo_motion_controller_test.c	6499	7b0a502cbb4cf618141d4435aeaa44681ec68f516696480add2669901bb06e7f
home-user/openamp_rpmsg_comm/tests/stubs/fgeneric_timer.h	193	f35abca3ef45cef5d6a81f6e2adbf5e07fb4e761abdef42e399a9c198e467f51
home-user/openamp_rpmsg_comm/tests/stubs/fparameters.h	82	05e939bdff8db22c3a5469ac4dabe206646699c78fedbc0fd5ecc9628e628771
home-user/openamp_rpmsg_comm/tests/test_chassis_state_bridge.py	1639	a9a27145fac088c06f0c0baf36dc5134862b57a372e6e64ebe508893771e5e07
home-user/openamp_rpmsg_comm/tests/test_gimbal_daemon.py	7875	43efc12174e91de5e13bef36efe3496ff687bde2e794254be0e419152b58893f
home-user/openamp_rpmsg_comm/tests/test_gimbal_tf_state_bridge.py	2728	cd60bc26737ae04753c6609aae9104943b2a9c57c80ea0960214993a9d9adf57
home-user/openamp_rpmsg_comm/tests/test_motor_can.c	1750	8931d6a173708a17de7048222bacd7ca78ac0687a7266d12cc117d7ea9534477
home-user/openamp_rpmsg_comm/tests/test_protocol.c	4081	f7eaef2545cd2497779a96a2479dcda0290afaa5b3ce3f9a12f974d7063c2d58
home-user/openamp_rpmsg_comm/tests/test_rpmsg_broker.py	5683	39260915954494c61904fae08af2652307a1c36246486429c65223db8c119717
home-user/openamp_rpmsg_comm/tests/test_rpmsg_monitor.py	1788	0aab56407f983879cefa0bed1ff8b585a450459d12f2a53924077871223349fa
home-user/openamp_rpmsg_comm/tools/build_openamp_elf.sh	1315	6e705f23503e0ae631220d9f68d84e6b5cafea604a51054cb019b779823642e6
home-user/openamp_rpmsg_comm/VARIABLE_LEG_HEIGHT_CONTROL_PLAN.md	3835	26c63aca4fabe4f642d9c4312ea9e610a3a5ba278dd9a2bb5a57064336ca26fd
home-user/openamp_rpmsg_comm/wheel_leg_lqr_corrected.m	9183	2667389a790ae5ff3cb79b7872ae60fd04574bffa56d111970fcfb401eae6f87
home-user/openamp_rpmsg_comm/wheel_leg_lqr_corrected_zh.m	20625	cce353e9de013af00a9145716b5617b769cfe66d035c77209a9867ed6769bb70
home-user/openamp_rpmsg_comm/wheel_leg_lqr_fixed_height_v2_20260722.m	29032	ec5b05cca41dd40673b5d9ca4fcb1a7a85e9015529d185d2d352120145b41f2d
home-user/rebuild-robot-ros2.sh	628	a03cdd4fd13f00c0dfdf125734431da46d5d771a268188393a540efa068f35aa
home-user/robot_ai_app/chat_policy.py	7723	18f7bd68c15f7be6e3b226469f9f2a3e415aa878e69b5946976358460ebde78b
home-user/robot_ai_app/config/voice_expressions.json	254	98c4dd91329dfae461d576e85b4558e1241622a9523da5f7fba9fe07b04b9e46
home-user/robot_ai_app/launch/agent_loop.launch.py	698	358812e716630ac6370aea8a75239a61cd0beec136f7cc689c94b1ed0a114ca1
home-user/robot_ai_app/package.xml	875	7f2cc01e510decbc36dcc405ed315962f3db8a80c325762f15c43118a157e11a
home-user/robot_ai_app/README.md	3866	bff9288f334955e1818ac337d0d88f85768cd642c760e50d94949cef570b6fbf
home-user/robot_ai_app/requirements-board.txt	69	ffcf5ce9c7a7515991fcf64ffb0ada7f54b67275df97e0c7a4e9703da5664a88
home-user/robot_ai_app/resource/robot_ai_app	1	01ba4719c80b6fe911b091a7c05124b64eeece964e09c058ef8f9805daca546b
home-user/robot_ai_app/robot_ai_app/__init__.py	63	f1200c3ed174dca474532e00dd0be11b921f39a7315adbd234f27b3151a80bb2
home-user/robot_ai_app/robot_ai_app/acoustic_direction.py	7243	7b14d6ce0f82078894dc7619e5ca36b7976d73e4e63f635544ca1d9296d89765
home-user/robot_ai_app/robot_ai_app/agent_core.py	3123	8b1f9d0ec8345f056eb10e9ae50d5eaf906327a4d7f896c222d519a187aea6d5
home-user/robot_ai_app/robot_ai_app/agent_types.py	1039	ebb9d7251dcd7266c549f56535d9a4ab4f5b71678451217b095a0f0a6edeaeee
home-user/robot_ai_app/robot_ai_app/chat_policy.py	8450	75653233d80a00889e5a982d8cc084110171bc784796eb981bf9db762d447520
home-user/robot_ai_app/robot_ai_app/expression_bridge.py	4883	6a0057f507523129de52682824c76631972ae785461e8527f4bbc63d936af187
home-user/robot_ai_app/robot_ai_app/gimbal_voice.py	8505	5271f8a1ff0de68ecd4fdca07a0beeb99e489c55d163ce3af2a63e6b67197df8
home-user/robot_ai_app/robot_ai_app/intent_parser.py	3777	9af84857ec19c5f0fc8fb0cb5505b595623d23a4964e2a2c251d9104d4220ebb
home-user/robot_ai_app/robot_ai_app/motion_safety.py	8346	46bce25b6f9719e478405e25bfc0a755eec66dd549b05baa2b2d66d5a1373711
home-user/robot_ai_app/robot_ai_app/qwen_policy.py	5902	7dd5d78d544ffdd2631db605b28a0d0ff0f327dd46fd8ce09ba43657a670350c
home-user/robot_ai_app/robot_ai_app/robot_capabilities.py	533	a52a7c73502d4cf52cd0af828b9e00bfef207fbd1419be17ea114c410970c266
home-user/robot_ai_app/robot_ai_app/robot_manual.py	1537	c3e4114be8e5b9fbf992ec3cc720225d2faad33164caa6ddde6366e08fd1f97e
home-user/robot_ai_app/robot_ai_app/robot_tools.py	3328	83e70fa41005930ade40ce7c91da769eb66366f0e108fb1e4035dc0be5d73247
home-user/robot_ai_app/robot_ai_app/ros_agent_loop.py	2279	5d167eaa47cc13fb7afa4f90926c3c05c71ff8287d515320550b4f49ecd3d030
home-user/robot_ai_app/robot_ai_app/ros_camera_dump.py	1327	05917b80eb021f5bd8c009608bbad011df16fab67a328a975913d9016a0be6bb
home-user/robot_ai_app/robot_ai_app/ros_chat_control.py	3175	b49ac496ab5920f5de3b41a733b08978aa379bbd41bfeefcd00940a100c76299
home-user/robot_ai_app/robot_ai_app/ros_robot_interface.py	18658	385e10452fda57860de8b571fa719c3c9e1114c42ecf59beabcf0e53de39249b
home-user/robot_ai_app/robot_ai_app/ros_teleop.py	2027	5b13fd3240fa68085c6ca8af3bfdf3cc07984c4193ee7868b99fbbaa31ee77df
home-user/robot_ai_app/robot_ai_app/runtime.py	1983	da10c25935c515f48a474c9b143dfed6de2c15b66b42898e2bf40b4c99a76fce
home-user/robot_ai_app/robot_ai_app/safety.py	1059	0244d6e69dec9155863ec9d34787b94192b5f0cab0863d2a017601c2e2ab25c3
home-user/robot_ai_app/robot_ai_app/semantic_map.py	413	e92b9bcd9a75d34b91d4df6a35ee6581bda84a7ec5690f3f07bee5ff96d7ba81
home-user/robot_ai_app/robot_ai_app/target_detection.py	8114	ab59ccb471fceb698aeb84893937c709112d98ec45397a01a09bd29dde1b8f4b
home-user/robot_ai_app/robot_ai_app/task_executor.py	11353	61cbec2f752f059bd08d02bdd2b07b81d2179f8bb3ad139c50484f26b8768b06
home-user/robot_ai_app/robot_ai_app/task_schema.py	1834	17b0bef3d885399f37548d1e8a1f3af1becce4429e54ea19784615fa2b319a14
home-user/robot_ai_app/robot_ai_app/voice_chat_demo.py	41217	db18f848b38afb3f0f1d1842f493daf6fb2f084f3554f9fd7c59761813e18e62
home-user/robot_ai_app/setup.cfg	93	b1305e329c55cf46da223d6cb001dc3adc8823432550f35af359ce0cfa1c2dbf
home-user/robot_ai_app/setup.py	1203	ccd3c2e7041879dd0ec1d1d505c3180fa2845a78230071b81924431de249b6da
home-user/robot_ai_app/voice_chat_demo.py	16642	aac38ae922285e3376adfba57bf0b36fb7b1ec2a523b4c0a2143274302ad9969
home-user/robot-service-control.py	5348	5b3c3044012fc726a47e635caf1118133234645cf1a4851cf73ac3a4574d9e9c
home-user/robot-service-control.service	378	17a9778a113285a070392a29d79d942ccb58025fd71233e53f6df20c4a94431e
home-user/ros2_ws/src/astra_camera_ros2/CMakeLists.txt	1644	068e8ce491db03adf70ab4a199ad3f73474ba3086a8648466b82857e5da12a3a
home-user/ros2_ws/src/astra_camera_ros2/launch/astra_camera.launch.py	4123	7fb29937fc1b30e85a13aa4dde3186b3d6e2cab58c9a381d583c1e09b76e8733
home-user/ros2_ws/src/astra_camera_ros2/launch/astra_camera_full.launch.py	1490	6df140ee2a5589964e58e34e406ad462cfe6ebdab91f8e6bfca8c933211380d4
home-user/ros2_ws/src/astra_camera_ros2/launch/astra_depth.launch.py	440	c9b251ffc038458de51812f596718cd89a8644e464e03725ac2d94fd5666e377
home-user/ros2_ws/src/astra_camera_ros2/package.xml	589	1650066db52e1245b2cae403fee324639c3085b5e029f49cd666aa7548738942
home-user/ros2_ws/src/astra_camera_ros2/scripts/camera_capture_bridge.py	2534	f28361e2329f5e538f684f471f73056be4bb308aeafef118b4683430fe487810
home-user/ros2_ws/src/astra_camera_ros2/scripts/camera_snapshot.py	4234	aef42218584b073b09a799be7fe9dcf7d7fcb20a6bba03421f9007ce3d78b189
home-user/ros2_ws/src/astra_camera_ros2/src/color_camera_node.cpp	8700	351e9d6b53d3327704b69b60280c2864ad4d0addc37f2e5a7a29e4acee4454e3
home-user/ros2_ws/src/astra_camera_ros2/src/depth_camera_node.cpp	6090	ff64d4dec1ab23eef66ae41c0956dda3d2a0a09715b1c33b094267c74b6a6582
home-user/ros2_ws/src/astra_camera_ros2/src/depth_registration_node.cpp	7942	d33d103dc406e8b4207be200ecc280abca56feba0997cf2b44475c2f897bed1d
home-user/ros2_ws/src/astra_camera_ros2/vendor/include/Android-Arm/OniPlatformAndroid-Arm.h	2289	1ec4d9e46f8d4f967e2381097379d483e8f631631301fda776219db6f958cdb7
home-user/ros2_ws/src/astra_camera_ros2/vendor/include/Driver/OniDriverAPI.h	20257	5d02bfa4b0ddeabe3b0be650e287bf3a178e9b942543dad95b1246e5d5c802f0
home-user/ros2_ws/src/astra_camera_ros2/vendor/include/Driver/OniDriverTypes.h	2635	9f34b4b77c4fd7f3a692e584617c56bd77b992ca8f8cbf85c004e4215dbd5856
home-user/ros2_ws/src/astra_camera_ros2/vendor/include/KinectProperties.h	4280	1e122afab1a1c74677dc94280c8f9ec7c904fd2dc54240d6bbe006fa0f66a5cb
home-user/ros2_ws/src/astra_camera_ros2/vendor/include/Linux-Arm/OniPlatformLinux-Arm.h	2097	10465ff0183aa35eb65f9ffcf456124f647d466fa0b6e2c86296b280e86fc6e5
home-user/ros2_ws/src/astra_camera_ros2/vendor/include/Linux-x86/OniPlatformLinux-x86.h	4565	73c72660bc66d6c181c7dac014a9e0fb6685d3a93bcc8a261bd9084294992185
home-user/ros2_ws/src/astra_camera_ros2/vendor/include/MacOSX/OniPlatformMacOSX.h	2520	ad18841d9103ef5e3fcfb8d90a44ea20ef210a2a87f18f1bf85dddc44f21dcea
home-user/ros2_ws/src/astra_camera_ros2/vendor/include/OniCAPI.h	14136	4337420b665affac519896bcfd27c56b9563c6a3943102b943e8cfe2353230b9
home-user/ros2_ws/src/astra_camera_ros2/vendor/include/OniCEnums.h	4648	8bcfdad8084adf4faee0560803c7fbb67f627f4a57b491b297d52085b112bc84
home-user/ros2_ws/src/astra_camera_ros2/vendor/include/OniCProperties.h	3231	891d1b8126e5519d9806554d9229239b911add5469b66fc9913be55ad0f63d24
home-user/ros2_ws/src/astra_camera_ros2/vendor/include/OniCTypes.h	7154	a6e4011e97b3d68ec0bd311f9c9428b230bf0746c7e19d0b0a51bc54a0050185
home-user/ros2_ws/src/astra_camera_ros2/vendor/include/OniEnums.h	4607	5a8d5897a2929c3153a8091354e1b1153a1c94892feeaa58430475606d2e82da
home-user/ros2_ws/src/astra_camera_ros2/vendor/include/OniPlatform.h	3111	4524691db715b4f446a596c7d39455c68884d626c7c2526c5a10bc2afabc3ce2
home-user/ros2_ws/src/astra_camera_ros2/vendor/include/OniProperties.h	3259	4b67377c3b1de95c59b944437e41dd408be1d55eb74bc565379c40ad529ccc93
home-user/ros2_ws/src/astra_camera_ros2/vendor/include/OniTest.h	1948	27843eb2d009d5c88399b1b123930b6ab7db9b5a2131028428b4f8dc2818bed2
home-user/ros2_ws/src/astra_camera_ros2/vendor/include/OniVersion.h	2775	98dfca039a374dcc6964e2270fbbfc5062be1d0a2867d04ab170e240762a9f3c
home-user/ros2_ws/src/astra_camera_ros2/vendor/include/OpenNI.h	96146	8d42d911e93a5c855513baac0c5cb5762c65b43b0dfc12d79e9ddcbd95c07708
home-user/ros2_ws/src/astra_camera_ros2/vendor/include/PrimeSense.h	8169	b8250a2f6ad1b90875854a8de616e7ed3a71040a5561cb00ada216d2eace8479
home-user/ros2_ws/src/astra_camera_ros2/vendor/include/PS1080.h	37655	147c55754e87ac0eb4447d99dee2c6db95873cbe27ba048d149dab19726cbaad
home-user/ros2_ws/src/astra_camera_ros2/vendor/include/PSLink.h	7849	8235eed426c9880fae76ba88a8dcf6fd0176afaccbbbe40645b99b473546752e
home-user/ros2_ws/src/astra_camera_ros2/vendor/include/SonixCamera.h	20807	810402eb694fbe185d21360dfcc262fb14fcbc3c17efdeb315fbdb0108870b1c
home-user/ros2_ws/src/astra_camera_ros2/vendor/include/util.h	1193	fe69cc8eef16900c5009ce2557ba5c06654083e4ba7762f296b10d89dd160c72
home-user/ros2_ws/src/astra_camera_ros2/vendor/include/Win32/OniPlatformWin32.h	5699	8a98d67130667a9d954052a5dc6a27a5589748a7074cc7aea5e4ef23beab4f0c
home-user/ros2_ws/src/astra_camera_ros2/vendor/OpenNI2/Drivers/OniFile.ini	210	f50a20ca76350f8e5e81b50477714f9a1b1db9b49047f5089b90644526ba9505
home-user/ros2_ws/src/astra_camera_ros2/vendor/OpenNI2/Drivers/orbbec.ini	5278	b6a1cc4ed8ee62c7c4b2596e43727362ee489bd1733f59633794b005224d1e9b
home-user/ros2_ws/src/gimbal_camera_tf_ros2/config/gimbal_tf_calibration.json	455	6b3bedd499dfeb5e59e8bc2f7614bcccb10c1d08c061b3c0488591f33f5a33e8
home-user/ros2_ws/src/gimbal_camera_tf_ros2/gimbal_camera_tf_ros2/__init__.py	56	5d55b9769fb95d09c60fa669707e9196c6b97e7eaa6b9605a3cf49bb1c6f83fe
home-user/ros2_ws/src/gimbal_camera_tf_ros2/gimbal_camera_tf_ros2/node.py	8796	91fddec9d055f95a0db88d54ab2c1f5b2c874c55db8d37e501845ad862bff4f1
home-user/ros2_ws/src/gimbal_camera_tf_ros2/package.xml	651	1a9ed9542e44c9481bd905f74a139efb878389984797b68bac086e6641486095
home-user/ros2_ws/src/gimbal_camera_tf_ros2/README.md	868	3c23f32653fb42e631d3c6e9f5067962848fd16490aa750b225abb06d6ff3846
home-user/ros2_ws/src/gimbal_camera_tf_ros2/resource/gimbal_camera_tf_ros2	1	01ba4719c80b6fe911b091a7c05124b64eeece964e09c058ef8f9805daca546b
home-user/ros2_ws/src/gimbal_camera_tf_ros2/setup.cfg	111	6885cc2ee2369aa21161f2561b7b7b8b21335e5a72b03dd661e77b4762106721
home-user/ros2_ws/src/gimbal_camera_tf_ros2/setup.py	727	860a68b0b7e0c112b22248999e35fa3db2f20336f104ab0c666074d063a69f95
home-user/ros2_ws/src/gimbal_camera_tf_ros2/test/test_state.py	1564	487e90e18614dccaeb2627bc4c15e4517fa76847bbda1cb0b8b62eb33f54aecb
home-user/ros2_ws/src/target-localization-ros2/package.xml	634	182c43d910f4da73371e12700025628f2de7b4d639efa0c027e93b3d8b3b622a
home-user/ros2_ws/src/target-localization-ros2/resource/target_localization_ros2	25	4189ace8a30278d5a77d69a7441444a1efb18f3fadaaf1cfb511f2b26afcea4f
home-user/ros2_ws/src/target-localization-ros2/setup.cfg	117	b2424ca484fb57f8beca2d835cb529e3fea9657a2f201494e8836e53d69fa13f
home-user/ros2_ws/src/target-localization-ros2/setup.py	727	b2774137a0fb7e8039bebb740f8a59b979d2856f53ed386c3f645eb06ba31ecf
home-user/ros2_ws/src/target-localization-ros2/target_localization_ros2/__init__.py	41	d6d1f828169f7492c10d7fcbcfe1f85ff64bf4fbacdceb07fe7eebd5ae38464c
home-user/ros2_ws/src/target-localization-ros2/target_localization_ros2/target_localizer.py	19627	1c1f50fee65302accb2478f63674f838ef54b649971a14afeb65de2a7cea9a9c
home-user/ros2_ws/src/target-localization-ros2/target-localizer.service	770	125c7fcb57181f11161ecabd350b62e6c509fdef37940bc9e57fb1d131a06761
home-user/rplidar_deploy/99-rplidar-ch340.rules	274	1b7e35c98c8a3d8205fdd30ea1c60412a6c4407244cc6b8133045f5433d1eda2
home-user/rplidar_deploy/check-rplidar.sh	551	2f57ca8e75a51a532b098e7a2089ebc8694901e5ed4117d3c6cecdd662a5a74f
home-user/rplidar_deploy/dev-command.sh	473	8cb573373dec158f3838ee211fd08335120b0042fc76cefda13ff3a637f87b13
home-user/rplidar_deploy/Dockerfile	181	e97b7ea816236c3422e8ee86c430a0ef13f5f287be2b3a50e317ac4f49b386cf
home-user/rplidar_deploy/index.html	21713	57076fc27da1c8d01edc925ed3e484d426618a21ec21cbbcf814f13db0eddfff
home-user/rplidar_deploy/lidar-stack.sh	3553	37f720cd66f0dc41c03f227cb8ce8175428d2c6c776495a4b656a356c6d40d59
home-user/rplidar_deploy/nav2-preview/Dockerfile	1376	62057a9538837b0320a21da56441710717212d4a6e913401bc955de513163f70
home-user/rplidar_deploy/nav2-preview/nav2-preview.yaml	1026	c77abd508fe317b44df341f812e4bb8f8943c5b682306481b384875b5559de2d
home-user/rplidar_deploy/nav2-preview/planner_bridge.py	5542	6ca9ddf4267212b0a0cc81b4a06240a0a317290cc734a3a882772eb36daf5be5
home-user/rplidar_deploy/nav2-preview/run-nav2-preview.sh	390	242867d8fa61a1cca1359fb6c545cf6f6c19f7a42b51e00fb11bc1b2e9743ebc
home-user/rplidar_deploy/nav2-preview/start-nav2-preview.sh	694	9c1eaaee92546f589b80690f130c7f2b69a271cfddd4677633907377507d1645
home-user/rplidar_deploy/odometry/Dockerfile	562	761063df1fa402ab4b6e77dd298585b132d0795f9b3b6ced49d867c2bfaed478
home-user/rplidar_deploy/odometry/lidar_odometry_node.py	14094	2db86190e98a26e295409b19b435d77406ed95f5c9a8ae0bb0d5e953fb5a322a
home-user/rplidar_deploy/odometry/lidar-odometry.service	296	187bf1a134e5f8a94df600e485b316b087f8c079659108c8ba2769846629905f
home-user/rplidar_deploy/odometry/lidar-odometry-config.yaml	1039	4059e775c9b640d705489dc2c5cdd8441931914c5be9c9f4152af3cf7fe93031
home-user/rplidar_deploy/odometry/run-odometry.sh	697	0f5612d5d60f23d855deed5b7eb73e6921b3323d6be769b8f394d73b2f01d1fe
home-user/rplidar_deploy/odometry/scan_matcher.py	17267	f92362b3bd4bbf815e8d829ac41b0edc270738d60a20f17859520a0a92decebc
home-user/rplidar_deploy/odometry/Simple-2D-LiDAR-Odometry/CMakeLists.txt	1973	0da1b37e3f218916f89a9fee517a8fda3a505809b85ef8509162af5f6960ca3e
home-user/rplidar_deploy/odometry/Simple-2D-LiDAR-Odometry/include/lidar_odometry/lidar_odometry.hpp	766	011c932ac6b3d57163ab00b2e493c715fb0404f7e715584a37170765dcadb182
home-user/rplidar_deploy/odometry/Simple-2D-LiDAR-Odometry/include/lidar_odometry/utils.hpp	1722	3e5468bafdc121dc5516a415adb01dbec417ed5267f0a86b147b163c71d21081
home-user/rplidar_deploy/odometry/Simple-2D-LiDAR-Odometry/LICENSE	11357	c71d239df91726fc519c6eb72d318ec65820627232b2f796219e87dcf35d0ab4
home-user/rplidar_deploy/odometry/Simple-2D-LiDAR-Odometry/package.xml	890	f915d8d77b404f6a0bc1590a339f2eb304e04bd58cffd335239440b8696893f1
home-user/rplidar_deploy/odometry/Simple-2D-LiDAR-Odometry/README.md	1575	80231d3f7aad6877fb00ed6d2116c10b67847b903cefc045566312efa55c3426
home-user/rplidar_deploy/odometry/Simple-2D-LiDAR-Odometry/src/lidar_odometry.cpp	2600	1671c9ad4235277d60c884b64928d44dbec45c6e95ec8d1f96b7ca2fcab0ac69
home-user/rplidar_deploy/odometry/Simple-2D-LiDAR-Odometry/src/lidar_odometry_node.cpp	4553	d058180a1c4d53420478be439dc4af0a2a933adcb4f8f9dd909ce6463b670f72
home-user/rplidar_deploy/PROJECT_HANDOFF.md	9448	9cc95da7cc74c5697ccde81327d38e835e56d0e367355054531c0bdf8a74d621
home-user/rplidar_deploy/README.md	2522	a6d9193cd4a4f821fc2c0a38b0bbd42da921c3569669e338c7b1decd57c274bd
home-user/rplidar_deploy/rplidar.service	321	91d9d819b809f938d044e9c8761d8094869b4505f76be981173836f556104e9f
home-user/rplidar_deploy/rplidar_ros/.gitignore	22	865e90023db7c8fac114c82ac29fcc73e4444cf0c5c511fe1d55abdae699de61
home-user/rplidar_deploy/rplidar_ros/CHANGELOG.rst	7123	ff3e3ef34535db0a345962c3cd499ce88e1beafb8269abc874b3305395dbbebe
home-user/rplidar_deploy/rplidar_ros/CMakeLists.txt	3108	0ba957905e07df8eaa0c2f2f73f218de382b83a32c5b17eab3f161df3c33b23c
home-user/rplidar_deploy/rplidar_ros/debian/udev	173	b29af37c6398eb24cceb94b7bed1cf11f2778c6a1162c0f8c3e9370855b3f4ca
home-user/rplidar_deploy/rplidar_ros/include/rplidar_node.hpp	4388	588697e0972f02ac1f4f72f66f4825296bdfcad9af5bb29a5939818abb117c56
home-user/rplidar_deploy/rplidar_ros/include/visibility.h	1860	b915371750ff20183f0ab8b563e9038a0a36708d09a7d68b067109243598e605
home-user/rplidar_deploy/rplidar_ros/launch/rplidar_a1_launch.py	2646	f8da1a38876fa141ea2058e03b060af3375c235dff109c1f4b9af76efadcc9be
home-user/rplidar_deploy/rplidar_ros/launch/rplidar_a2m12_launch.py	2646	696620807b227750903a4c1dc02b04ae99b4e5467ac8dde6c9fa425868814037
home-user/rplidar_deploy/rplidar_ros/launch/rplidar_a2m7_launch.py	2646	696620807b227750903a4c1dc02b04ae99b4e5467ac8dde6c9fa425868814037
home-user/rplidar_deploy/rplidar_ros/launch/rplidar_a2m8_launch.py	2646	f8da1a38876fa141ea2058e03b060af3375c235dff109c1f4b9af76efadcc9be
home-user/rplidar_deploy/rplidar_ros/launch/rplidar_a3_launch.py	2702	c70695c5fec976e3bbae8bc8446430ebb80bead1cf2dde197eacca590f867ffd
home-user/rplidar_deploy/rplidar_ros/launch/rplidar_c1_launch.py	2679	88697fcddb73ef796f64c9255d2bf95dd24df70f597d8e3d4e141acb2c297443
home-user/rplidar_deploy/rplidar_ros/launch/rplidar_s1_launch.py	2410	7f21149cedcc8bba26d0f30111e5da4e831853f14c44bc884e5997f47f5b41a1
home-user/rplidar_deploy/rplidar_ros/launch/rplidar_s1_tcp_launch.py	2319	8f9a67ded66646c2dc410760f09ec43bcf4d6c03ef690e238ac81c7a542edb79
home-user/rplidar_deploy/rplidar_ros/launch/rplidar_s2_launch.py	2701	60bf49a8225bf229ca0b64cf41763d2e5018aa89b1ce5652edfb8f515049fac8
home-user/rplidar_deploy/rplidar_ros/launch/rplidar_s2e_launch.py	2671	8a90c2ef91f62ab7a0e04669f5f1c14a6886661b53c49365f6bf301b71362cfc
home-user/rplidar_deploy/rplidar_ros/launch/rplidar_s3_launch.py	2682	1705f1e30de1246e10ab1fbe5afd83423f813789192b195537b836af019fd6f3
home-user/rplidar_deploy/rplidar_ros/launch/rplidar_t1_launch.py	2597	52f8c232ac8ddd0ffc4902237ea8bd9dc6a1e2a32c47ba51d9ad5d12a2de29f3
home-user/rplidar_deploy/rplidar_ros/launch/view_rplidar_a1_launch.py	3058	eaadc0014c1703556b5e607f50d068184fd2a63e4a5a2269563cbd8d97249cd1
home-user/rplidar_deploy/rplidar_ros/launch/view_rplidar_a2m12_launch.py	3058	196c2dcef18e9543ea21433f438655e370d49a2d9c4ebbd915754e1da8af6845
home-user/rplidar_deploy/rplidar_ros/launch/view_rplidar_a2m7_launch.py	3058	196c2dcef18e9543ea21433f438655e370d49a2d9c4ebbd915754e1da8af6845
home-user/rplidar_deploy/rplidar_ros/launch/view_rplidar_a2m8_launch.py	3058	eaadc0014c1703556b5e607f50d068184fd2a63e4a5a2269563cbd8d97249cd1
home-user/rplidar_deploy/rplidar_ros/launch/view_rplidar_a3_launch.py	3036	18ee535422df00386828e62183d0a64ff26c8668881726bb5682d24030ad69e5
home-user/rplidar_deploy/rplidar_ros/launch/view_rplidar_c1_launch.py	3046	321b63d8cb2f4496164175da3bf59a77d66a742494ee4393f089591ef29f85f3
home-user/rplidar_deploy/rplidar_ros/launch/view_rplidar_s1_launch.py	2766	38a3da493b7c6bcffad3d5aea9157474cf76403fc2d398e75d50f811d9629a04
home-user/rplidar_deploy/rplidar_ros/launch/view_rplidar_s1_tcp_launch.py	2663	f03413a65dab8b3147f02d3379701b0cbe5f3caec0712cf99888bc648b6c8734
home-user/rplidar_deploy/rplidar_ros/launch/view_rplidar_s2_launch.py	3068	2ce218f2d9c8170123ca7d40d9f24a835d62841283fa0c0a6b04b820d1764a1b
home-user/rplidar_deploy/rplidar_ros/launch/view_rplidar_s2e_launch.py	3011	ddab2006f552840211fb5f55daeb391c37dfca7703eacd69dafdbd96c95c068e
home-user/rplidar_deploy/rplidar_ros/launch/view_rplidar_s3_launch.py	3049	d1913135e67d4a7aa552991cf2d58dd586c018bde08a2046d4550413db570a51
home-user/rplidar_deploy/rplidar_ros/launch/view_rplidar_t1_launch.py	2933	7d9fe542066cb44056a84f1729d88116eb1d21111cae419245176fb134bf819c
home-user/rplidar_deploy/rplidar_ros/LICENSE	1379	deb25b093dae2f00953a603e20c65d71404b45e636e9a8efb2dc633ad3ed794a
home-user/rplidar_deploy/rplidar_ros/package.xml	1010	cb16469b54192b4a4ccdc4daf76a9f627246253000116b185fd02f959d56ef02
home-user/rplidar_deploy/rplidar_ros/README.md	4396	3e3a271f31471f54b7b9dbe14f6e5a0f7ef9092299baf59fb1f2fe1b5d815ea3
home-user/rplidar_deploy/rplidar_ros/rviz/rplidar_ros.rviz	5698	7a423ff12893aaa2f23e7092912438d95553e6ea56eccd2215f0071ee300e424
home-user/rplidar_deploy/rplidar_ros/scripts/create_udev_rules.sh	507	0899e02ce2ea3e50f3c9e0bb78f44a986a89beaa817b4b6ab7af949c4ce53475
home-user/rplidar_deploy/rplidar_ros/scripts/delete_udev_rules.sh	292	39ff3e1f8ea0e36e6543c46a160dda93535a9a989866660f56e058df9b551073
home-user/rplidar_deploy/rplidar_ros/scripts/rplidar.rules	173	d2a64567f565ce4aba225b2cc7a3370d267faff02bfd332b1df63fddfafae3a7
home-user/rplidar_deploy/rplidar_ros/sdk/include/rplidar.h	1792	cf002a996c552e1490b0e195bc6bc87f9b1b610c8fd6b2de0f54f463dc6817f7
home-user/rplidar_deploy/rplidar_ros/sdk/include/rplidar_cmd.h	12240	18c44cee533d1591d12599b85334025832d6e45f50349ae85c685f1fbd936d77
home-user/rplidar_deploy/rplidar_ros/sdk/include/rplidar_driver.h	11773	f73d79e5da2318931522286677b12d208dda6d731bebcc778c40333c394c138d
home-user/rplidar_deploy/rplidar_ros/sdk/include/rplidar_protocol.h	2307	2dc5b8d0e0360f0d473834b930b27bd0e88532803095fb94f6285895b9e71e98
home-user/rplidar_deploy/rplidar_ros/sdk/include/rptypes.h	3571	4e8906336377cfd4aabdbf47efe1f753f2ce4a605505db575c7c972e2ab0d15e
home-user/rplidar_deploy/rplidar_ros/sdk/include/sl_crc.h	1722	09e9e062484fc758714aec6c365890e1cde1a378d8a8f59b3e6fedb48e79a9e3
home-user/rplidar_deploy/rplidar_ros/sdk/include/sl_lidar.h	2100	9707c76d7c971efee8e70bfc1d7e8046cebf33bf27d7cc7aabb815beb888f122
home-user/rplidar_deploy/rplidar_ros/sdk/include/sl_lidar_cmd.h	14235	c40c4f6f8700010a5e4e84c9d8cedd4e78298ba3e9475e036c034eadce9bee7d
home-user/rplidar_deploy/rplidar_ros/sdk/include/sl_lidar_driver.h	24076	2877e6cebd784eb07839e5ae26cb06d9492be8610073bbc7f0f024538775fef9
home-user/rplidar_deploy/rplidar_ros/sdk/include/sl_lidar_driver_impl.h	9140	92466ee28e54b971c97a3d36a4a508f703f53630fe0592f03472ce819c5396cb
home-user/rplidar_deploy/rplidar_ros/sdk/include/sl_lidar_protocol.h	2596	e64fce78bc22397fdec5ba03605bc717375d9847fc5c1b28129443f65e9973e4
home-user/rplidar_deploy/rplidar_ros/sdk/include/sl_types.h	3189	e49baa48cada66e8b21a98706d90ca22c31bdf27a9f59ea85fa373c4f269dc54
home-user/rplidar_deploy/rplidar_ros/sdk/Makefile	2589	ed5c31ec05bce480307b158e0e93555ef1b1938b146098a609735ceab8088b45
home-user/rplidar_deploy/rplidar_ros/sdk/src/arch/linux/arch_linux.h	2050	880a64b315c28f9f945af89c241b2d6a81e1ffb3c90406ce2350a6e091508943
home-user/rplidar_deploy/rplidar_ros/sdk/src/arch/linux/net_serial.cpp	11417	7d53c79ce64325d793ab1e5d8ad0d17e7646e257c8bbcb671d78b1a2e51bad3e
home-user/rplidar_deploy/rplidar_ros/sdk/src/arch/linux/net_serial.h	2926	b4b153e9ec9df8d1dea790fe504d97273d01b7fe5b9c5e90c6bee99ec8ff2983
home-user/rplidar_deploy/rplidar_ros/sdk/src/arch/linux/net_socket.cpp	25887	0c4ff5e2bbde6df8712aa48600237b70a1342101133b35964fc64f55a4ca3421
home-user/rplidar_deploy/rplidar_ros/sdk/src/arch/linux/thread.hpp	5373	ff1a8190bbc8bb28b53b866175e227331e591bb72b8579ef619d47accbb1137a
home-user/rplidar_deploy/rplidar_ros/sdk/src/arch/linux/timer.cpp	1944	d20b1f8eba04e8b98f024adb8fec222569a922a4c18d60f1956f1d3b3abef1f2
home-user/rplidar_deploy/rplidar_ros/sdk/src/arch/linux/timer.h	1984	77a996bc3be234ceea764d15d688c0ff094d5c017dfec9623b14fc8267811621
home-user/rplidar_deploy/rplidar_ros/sdk/src/arch/macOS/arch_macOS.h	2055	5d35ae770735a325fe1a0548fdd2c93b3fd4aece3c45e819fd81bba88fee1865
home-user/rplidar_deploy/rplidar_ros/sdk/src/arch/macOS/net_serial.cpp	8379	2848fe25f3507073d1bc5985cf2213a8fc6ecf61de96294903861713b9b31f87
home-user/rplidar_deploy/rplidar_ros/sdk/src/arch/macOS/net_serial.h	2825	e365beddc703c053694c369bffeadf29dfa20e536531e48effbc87f2ec49bed4
home-user/rplidar_deploy/rplidar_ros/sdk/src/arch/macOS/net_socket.cpp	26325	bbb72f5f7a49349fc22ff753b688fa140860d0cffebd07ad30543965a44cc73f
home-user/rplidar_deploy/rplidar_ros/sdk/src/arch/macOS/thread.hpp	2569	b62f5cb558f9e7fe85428806d3f18124c9f07b4cf0549772106064085d27d525
home-user/rplidar_deploy/rplidar_ros/sdk/src/arch/macOS/timer.cpp	1948	b663d225d25b4f0de7166c5c1bb3c299b133ffbbaf4b268ecf5e7d6ec1208a99
home-user/rplidar_deploy/rplidar_ros/sdk/src/arch/macOS/timer.h	1980	ac7d926cf562bfada7dc0ae122ecfade75a04d1ecf5c37c8b9b77c2a51f4cd3f
home-user/rplidar_deploy/rplidar_ros/sdk/src/arch/win32/arch_win32.h	2025	9120f68da5d7e3367605c2e77dfe8628444ba533977216a349b76b8df95800ba
home-user/rplidar_deploy/rplidar_ros/sdk/src/arch/win32/net_serial.cpp	9359	b554c1af4acd1f4c5b1fb4579c33c4bed4279ffecda8ee8715c226a134a0a4bb
home-user/rplidar_deploy/rplidar_ros/sdk/src/arch/win32/net_serial.h	2888	854ab5395c9a77d622815bec4442dc2a0e43cf338584b3655849b35420bdd934
home-user/rplidar_deploy/rplidar_ros/sdk/src/arch/win32/net_socket.cpp	28019	85756e8d54d522cd0e3f80091b42f78f5fe4f95c46e2d472b1812cb59c391c3f
home-user/rplidar_deploy/rplidar_ros/sdk/src/arch/win32/timer.cpp	2261	2f0a8a8ad5f9221defe6d509febe8d0e3f01c8dafa398582282ef6a811265983
home-user/rplidar_deploy/rplidar_ros/sdk/src/arch/win32/timer.h	1814	3af2272a4a4aecea9b47169ccb925ee2ce7985171c83a74b123a4eba464cadb3
home-user/rplidar_deploy/rplidar_ros/sdk/src/arch/win32/winthread.hpp	4271	65e8ce75bfdcf68414b8c8b0aa3ffa8e4f7577429912674d603569db3137d3aa
home-user/rplidar_deploy/rplidar_ros/sdk/src/dataunpacker/dataunnpacker_commondef.h	2000	979a1987b2baff2b36fa6e065e6f9a893230f09620aca52d184c6ddf972d2175
home-user/rplidar_deploy/rplidar_ros/sdk/src/dataunpacker/dataunnpacker_internal.h	2605	593ab3d9ad304cac46cf3ab5d12fa86d81b47717046bb807b245ff37901e0b57
home-user/rplidar_deploy/rplidar_ros/sdk/src/dataunpacker/dataunpacker.cpp	6308	1cdce75055a34fad38141f18271c6e64fd3180c99ac55277479c9372fcdb5c05
home-user/rplidar_deploy/rplidar_ros/sdk/src/dataunpacker/dataunpacker.h	2959	1a040b333dd08171260a5a4b3a5d99ba0a10ac401765d420663feb4ee016d4cc
home-user/rplidar_deploy/rplidar_ros/sdk/src/dataunpacker/dataupacker_namespace.h	119	e1bd8e9e09f2dc1d421df89630981c406317070affdd293cdb25f25956b9d01d
home-user/rplidar_deploy/rplidar_ros/sdk/src/dataunpacker/unpacker/handler_capsules.cpp	40655	f897c7bade7d368c716bea568b9875a5d0f45301e6b881cd5aa1ec27638d97ca
home-user/rplidar_deploy/rplidar_ros/sdk/src/dataunpacker/unpacker/handler_capsules.h	5414	3427b840f5eef14ec2bc0aa82e1c4acfa57c1f8b4f3a700b3c2d51c5f714bbfc
home-user/rplidar_deploy/rplidar_ros/sdk/src/dataunpacker/unpacker/handler_hqnode.cpp	6741	3b5fb91199af312c8299a309da662a5b3313f27039187f516b6c7e190991a4ae
home-user/rplidar_deploy/rplidar_ros/sdk/src/dataunpacker/unpacker/handler_hqnode.h	2224	1d7ccc48e0e4178750ea3a17a1cc3b789c1cf8bc385f27a5a9f76952774b0035
home-user/rplidar_deploy/rplidar_ros/sdk/src/dataunpacker/unpacker/handler_normalnode.cpp	5778	cac7697458e140443612dff6d084b9c0e33f683eb279aa1fbe65a88e538e75a2
home-user/rplidar_deploy/rplidar_ros/sdk/src/dataunpacker/unpacker/handler_normalnode.h	2223	a74cceb0551442ac42e0ec359430ee30cf0a697bcd29442f7141c807abe3e872
home-user/rplidar_deploy/rplidar_ros/sdk/src/hal/abs_rxtx.h	2829	ea52ffeb7b6e3a704ff00995d5500866111cc5fbbdd91ad3d6df771b835fc3eb
home-user/rplidar_deploy/rplidar_ros/sdk/src/hal/assert.h	331	af13ab09c694ae47593abead7df298c30c9c7f5405e8c03a243652b3fc48db26
home-user/rplidar_deploy/rplidar_ros/sdk/src/hal/byteops.h	2224	2ec60074effb1878a5e167f7d5e49d01be205bc27cf30f90ceabfcaa3bb74a51
home-user/rplidar_deploy/rplidar_ros/sdk/src/hal/byteorder.h	3711	ba3147b33fb86a722469b5aade5344f323091a6920897dbc2e3febe67eca8ce1
home-user/rplidar_deploy/rplidar_ros/sdk/src/hal/event.h	6117	5370c4f9511517d54c639e547a4ccb898f23f192721b52c8d7ebda2b6a9f92e5
home-user/rplidar_deploy/rplidar_ros/sdk/src/hal/locker.h	4990	6e4cf8063dc0070928866b865ada2954d0c2b91c43b6047badeac8f9ff079b1a
home-user/rplidar_deploy/rplidar_ros/sdk/src/hal/socket.h	4172	7c210686a475aacfbd8eab9a9700cd78fd3aa917ffb691e0151f129d1f6daa08
home-user/rplidar_deploy/rplidar_ros/sdk/src/hal/thread.cpp	1852	d1aa4a76334f968d8486fca017ae812a12c1679434a9b42b97ecfaf2105e1550
home-user/rplidar_deploy/rplidar_ros/sdk/src/hal/thread.h	3140	5f029013bbb0b3437ea463a8b6309f938e1b572026109025697285827283409d
home-user/rplidar_deploy/rplidar_ros/sdk/src/hal/types.h	2865	dbe5f3d2a116d830fdf423145641626e45329c2ec176d5e6de6532772f82db91
home-user/rplidar_deploy/rplidar_ros/sdk/src/hal/util.h	2335	859eef543c8837d9bfa71eed33db4e4a649ac35c0ce974bb0480e9939dd5ba09
home-user/rplidar_deploy/rplidar_ros/sdk/src/hal/waiter.h	585	19a7fba76f1427baf6c09363a1ef24069a69aa72dcc5e3d153fbfbf6831736ac
home-user/rplidar_deploy/rplidar_ros/sdk/src/rplidar_driver.cpp	6603	be2078c09426ea49e2413324bb7ee22014e76f24f152428e678bc84fe3235027
home-user/rplidar_deploy/rplidar_ros/sdk/src/sdkcommon.h	1870	84c63f3fcd2ee5a6c7575f4cb409706f0391932e3442cbc56583074c51f23ec4
home-user/rplidar_deploy/rplidar_ros/sdk/src/sl_async_transceiver.cpp	9282	cf27c9c3efda1bb0e69f5ae6fefddbfc7daf2d8b912576f9205f0fc35114a39b
home-user/rplidar_deploy/rplidar_ros/sdk/src/sl_async_transceiver.h	4023	db967cfe733dc4f42be3ce47b798719d8e047557eb346ea903ce18fe1769813a
home-user/rplidar_deploy/rplidar_ros/sdk/src/sl_crc.cpp	3112	968b0c9d7fc958da9a579f96089fbede1887a73722a993b567491ba68c8df680
home-user/rplidar_deploy/rplidar_ros/sdk/src/sl_lidar_driver.cpp	61438	58f9bbcbee28cf4a9c9a3a578e38e879c8bf833286f6e06ae9e34930850abbe7
home-user/rplidar_deploy/rplidar_ros/sdk/src/sl_lidarprotocol_codec.cpp	7455	a7737fab13725b3cd5a10bb02fff2d57f3e231ca9e7e5596a83795d5d0f0deb4
home-user/rplidar_deploy/rplidar_ros/sdk/src/sl_lidarprotocol_codec.h	2692	4c65eb13214c6e0b798f93ba882a04fd0fd63946db4cef8db6c0b5edb4966de3
home-user/rplidar_deploy/rplidar_ros/sdk/src/sl_serial_channel.cpp	4568	a8081ece500f6f40f8d2162ba410c6afe191494c89840d7483c8e0c397a5ea3c
home-user/rplidar_deploy/rplidar_ros/sdk/src/sl_tcp_channel.cpp	3767	d7ba5d32d730b0428064b8f5179dae2282e8fd03b32c09d2802260457c82fb1c
home-user/rplidar_deploy/rplidar_ros/sdk/src/sl_udp_channel.cpp	3897	bb4758b4b91c98f7dd7fc4c83c759396463db71120b557d4b3011c76f26a354e
home-user/rplidar_deploy/rplidar_ros/src/rplidar_client.cpp	1228	197938c4a2fef7bbac2a004a0d2efae038337c8b007ad8936c4d9c61082a3a9e
home-user/rplidar_deploy/rplidar_ros/src/rplidar_node.cpp	24828	0432d165bdc31bf7aa83287244fb7573962f236877a0599de9fdbc95660dc7bf
home-user/rplidar_deploy/run-rplidar.sh	833	9a7065faf88685daccec21ae6d182e05856a50a24cccb3b5e1e7414247b6ad0c
home-user/rplidar_deploy/run-web-terminal.sh	748	3e32a6dea033d308c36d420244e86331b696d2d6c0969312d4a51eafab5e9a0d
home-user/rplidar_deploy/run-web-viewer.sh	402	f8f64be37c9b03c093524bc83317190c21ba6f97fdbd82dd79b79cdd321ff9c8
home-user/rplidar_deploy/server.py	28054	ec59aa28ec6b7b43c92389e05021479e1f418bf7e959794cedcaf4bfefe75f3d
home-user/rplidar_deploy/set-web-terminal-password.py	1671	eb64ff60541561a9fd99f77e62339e8ab4cb3f0d7f39a16381c51bfc9cc3b55c
home-user/rplidar_deploy/slam/build-latest.log	23237	6cae6ad8c148ee81771664651d2869e05d9eac38aada10a8aa44a6d3f7d01298
home-user/rplidar_deploy/slam/Dockerfile	383	cbf4e6fcf2ad1045f1a03a89dd602a80111593a756df8060a3dbb8b8fd401df2
home-user/rplidar_deploy/slam/maps/before-site-change-20260723-121337.data	9905251	48db35e4ddb8e7663af7015afd4e790b589efed72c43d72f4db5bde598fefeb5
home-user/rplidar_deploy/slam/maps/before-site-change-20260723-121337.pgm	100125	3089cc257222505a4b1c7de4c1470f3f4256d88c2e246d70ed46010ccf882a7d
home-user/rplidar_deploy/slam/maps/before-site-change-20260723-121337.yaml	154	81de561181904fcc9f9de9708fdc707b4c4bbcba3172dc0c948f18e3037ee46f
home-user/rplidar_deploy/slam/prepare-new-site.sh	1508	649b2c6225ecc30ee6ae214e7801f0f26155fa0cfdcbce73b44e09f7bfb6b88b
home-user/rplidar_deploy/slam/run-slam.sh	662	58b35d1b09d1ddc743cddb0dbc06a5c95d238c21937a7dbb050813dcb0caf484
home-user/rplidar_deploy/slam/save-slam-map.sh	1133	b4e7cdbfea8c96fa8c106eaac6c869f904e496f676a12df3810f5444ce5a6402
home-user/rplidar_deploy/slam/slam_toolbox.yaml	1399	049554d60003693fbe17c87b353e034aab0d53278f652058888b7eede17a52d0
home-user/rplidar_deploy/voice-navigation-bridge.py	2750	8d542a1a7f692fa1dadc7210ca13b5a7f27c600f7339b1c9a0a0ea958752d6c0
home-user/rplidar_deploy/web-new-map-bridge.py	3682	25d182a269883c860017afb7a288372028413126fb424ffc0d836ad6f9194996
home-user/rplidar_deploy/web-terminal.py	9821	9f8b2c41b923da1103c0713a16e3f71738f5775eb2e70cd2fe5687a069bc5081
home-user/rplidar_deploy/web-viewer/CAMERA_INTEGRATION_PLAN.md	4214	67e5a3e74562cf3689fbddd9f2b7fbfcd3226e51bc204245ce89b3ab066ccba1
home-user/rplidar_deploy/web-viewer/depth_voxel_map.py	15968	cef09796ecc87c698eca89e684067e9d63fc9a4221a682d8e6997343c2456630
home-user/rplidar_deploy/web-viewer/Dockerfile	363	b0f859a7cb11ee9152d25965563a8aa390247f61495145d41435f037918530b0
home-user/rplidar_deploy/web-viewer/gimbal_tf_calibration.json	455	6b3bedd499dfeb5e59e8bc2f7614bcccb10c1d08c061b3c0488591f33f5a33e8
home-user/rplidar_deploy/web-viewer/index.html	107110	77462b40f4a80adce7b7d4c3262fa5d72e83f3340bb5c185f3f611980ed24b21
home-user/rplidar_deploy/web-viewer/lidar-web-viewer.service	491	c3e8be8bd68d2f8d1b891a20cbd0f890bb9c1f4dfbca16ddf1fa19dad2638323
home-user/rplidar_deploy/web-viewer/run-web-viewer.sh	1803	f319893f6abacd575424adaa4ebc5eda23067477d217b7837ce75c7b050d45cd
home-user/rplidar_deploy/web-viewer/semantic_map.py	29718	62fc4431e49e2507f0a8f09218f068e398f3ad06b053c59f32c15aed542d8336
home-user/rplidar_deploy/web-viewer/server.py	91239	60736ad93305fe2689a754c0ce1735a95a733c6233d39c7fbbf90a512a91dcbe
home-user/rplidar_deploy/web-viewer/three.min.js	603445	9274bbcec8d96168626c732b5d31c775aa8cfb7eaa0599bec0c175908a2c1ce2
home-user/rplidar_deploy/web-viewer/web_logic.js	4258	707e2cb9552b0741488b0387fcab1c413f86f414642775f355a3e05c5ab7cd43
home-user/rplidar_deploy/web-viewer-restored-20260723/build.log	7556	dc628394b5c909d38b332cac666e8c46e7e9ada0d8033179d770b7dd90af9baa
home-user/rplidar_deploy/web-viewer-restored-20260723/Dockerfile	469	5b2e73675066d2b1bf20b61cdc66b1c7c53b49313b8c5625c5a461a7fc609ec3
home-user/rplidar_deploy/web-viewer-restored-20260723/index.html	138454	3f962bebaa45c94304f7f14d3347ee6c74c1d756446e40b22a01fa1f62535cb2
home-user/rplidar_deploy/web-viewer-restored-20260723/lidar-web-viewer.service	430	e0a84171acf46b9e6d81621de3ef59383902a24af090125becf93aa2a5bf008f
home-user/rplidar_deploy/web-viewer-restored-20260723/run-web-viewer.sh	984	1be4a320a926fc2f8748d96f33ad724d3a75570955470d54ebaa09083798c24f
home-user/rplidar_deploy/web-viewer-restored-20260723/semantic_map.py	10866	14ed14c171ca7e21089c05f125bca2cdd9016c434d597ad9d5625840ae9f2728
home-user/rplidar_deploy/web-viewer-restored-20260723/server.py	70683	1eed85291732c3eba042ccdfc13f89d158fbf9b7cb98a5fe76f4359b7e042794
home-user/rplidar_deploy/web-viewer-restored-20260723/three.min.js	603445	9274bbcec8d96168626c732b5d31c775aa8cfb7eaa0599bec0c175908a2c1ce2
home-user/rplidar_deploy/yolo-detector.py	19216	0c589a2cc653514e9d0fafecbb742fac2689beb659258c72242b1184ce1618c9
home-user/rplidar_deploy/yolo-detector.service	447	5d173925ef9ce3aa79989e6aaf083c262eb4a76c8eaa5d0863d8a2a3cdac0284
home-user/running.dts	31273	5ae69225a152ab834bdf4177e72c28012e89f1eed361741f86ce4ffda650db9d
home-user/wifi-screen-controller/config.json	759	224f63bf5e70183fd22f214ad4c4f15b33743cb086d0456f1112ab5106c4f89c
home-user/wifi-screen-controller/deploy/bluetooth.service.d/phytium-uart.conf	183	1da1a781bcf2ccf5e41ec925fc2dc3308b73a892e09b21464fdb6e2d9c0a4271
home-user/wifi-screen-controller/deploy/install-board.sh	698	4fc948f40291e1fda5763f3eca3f6c7b56793f7d17e9d8494d1bbf78ce7b54ad
home-user/wifi-screen-controller/deploy/systemd-hciattach.service.d/restart.conf	25	53e24c82772024daf796d652f374dd1fba62d5755eb010094d090bb12168ae42
home-user/wifi-screen-controller/deploy/verify-board.sh	1131	a4249a9e5af08af717cf2542c62ea8d329772165be8f21591c9773bef74511b6
home-user/wifi-screen-controller/deploy/wifi-screen.service	685	2eb1a0353b15b4e59de42b6c121c2a03106b85c33ff27a69eb9a576d7dd5b5c1
home-user/wifi-screen-controller/facectl.py	4601	3f669eab0123bb3865e57fe4e0c1bdd4ec0c8dd88a46673f520fa357958ddc57
home-user/wifi-screen-controller/main.py	1879	726de74a949be514afc8df014ff8678b1086dd1c771c21035618801b1f25a175
home-user/wifi-screen-controller/wifi_screen/__init__.py	64	43a16db9f98081067a0559a88ac5e05cc671218dab5a5b73fbb631771e0b3933
home-user/wifi-screen-controller/wifi_screen/bluetooth.py	5468	b5eca5643b1c25b2f4216e498bbb4f344255d160c924baa8f257add5977d4941
home-user/wifi-screen-controller/wifi_screen/config.py	2421	c0948e31d01716bb2d8cb9bf14fdb79ea0872013465db3140a495926e1ce67f9
home-user/wifi-screen-controller/wifi_screen/controller.py	24311	fa2c5f8c3638cd1441263143e5ca78e211647c4afd6d45fcd9064216fb74bf93
home-user/wifi-screen-controller/wifi_screen/expression.py	8493	8e2d2fd54001c54100b61339bbfb9b77229b3c668d6d9e302a05324963122b2b
home-user/wifi-screen-controller/wifi_screen/expression_api.py	5707	55b28121f05dfd29b3f817008b3605754c756f52bd7179f1e587d2125bfa1017
home-user/wifi-screen-controller/wifi_screen/network.py	5260	1a1e2f035383fb92f9b37e4477327961a555c13c515140688bb634b1cfae4b12
home-user/wifi-screen-controller/wifi_screen/protocol.py	3826	0e84688943c087c037b027325fb35c98d740e788c8d954a2dcbe1497a4c4632f
home-user/wifi-screen-controller/wifi_screen/screen.py	10378	bd6df33a814586a1a9e92a3c008c47e9932c28c98bb5737e106f559e82229461
home-user/wifi-screen-controller/wifi_screen/serial_port.py	2186	287cbd7fb5bffceb63f66a06c9c92a6db484b64f0fc82689184911493a35bae7
home-user/wifi-screen-controller/wifi_screen/system_status.py	4015	e22100ba77996f70a4eeb7bd9058c9d8779040ebe91058441bad4fc7fca070ff
home-user/wifi-screen-controller/wifi_screen/worker.py	1248	dcc279ab7163e021c0f06f39375caee49a7b9552948cc3b4518d306473df7bb7
README.md	2792	6e9179a000260ec9cc9ca034eb8e952b992d8fa3cdc2dc5058ae9d5ff6aba471
usr-local/libexec/gimbal-daemon	18436	13ea5c46668932492426e582bf06ba0a63974e8857d6ecb2d7a8e308642e7a55
usr-local/libexec/gimbal-tf-state-bridge	4260	2012ea289abf6f63d6640abc83b2166bbecb21ded153d6b0b7a148cf359169d8
usr-local/libexec/robot-service-control	5348	5b3c3044012fc726a47e635caf1118133234645cf1a4851cf73ac3a4574d9e9c
usr-local/libexec/rpmsg-monitor	11403	ba76292af108077e146b0d2a54c62fa471ba7bd4793041a1d7e5bf691c399b6e
usr-local/sbin/openamp-initproc	1742	a31fe7f49147408aff98c11e1f7e77500df95a04fd1ffa82563be5b9db0923a9
usr-local/sbin/rpmsg-broker	73344	3c7e91487a0574e133145e1d3ef8d19073a5bcf50a0567180c9f5770d9082648
usr-local/share/rpmsg-monitor/index.html	15673	f9b08cd55e9b5f289505790a878d66eebd3bea70b8ae8d8778db04156d3eb27f
