lidar-web-viewer	humble	128325d97443	727MB
lidar-web-viewer	restored-20260723	26ee85301226	751MB
nav2-preview	humble	c63eb4804426	752MB
<none>	<none>	1ae7d4216409	745MB
<none>	<none>	21a8c39898c6	745MB
<none>	<none>	29db541bbad5	745MB
<none>	<none>	2c3e413e1127	745MB
<none>	<none>	2d75c6b749d3	745MB
<none>	<none>	327c112dbb57	745MB
<none>	<none>	3c8ec76deaf1	745MB
<none>	<none>	4752af8ada67	727MB
<none>	<none>	4cf703eed94e	745MB
<none>	<none>	6c0d3fcf900a	745MB
<none>	<none>	7595c3afbd8b	745MB
<none>	<none>	b23154d4afc9	745MB
<none>	<none>	b60ed0e64f47	745MB
<none>	<none>	c6b998dac511	745MB
<none>	<none>	dd989882dfd5	745MB
<none>	<none>	e26e0ff0e6ef	745MB
ros	humble-ros-base	eeed06ccec4a	720MB
rplidar-ros2	humble	9ef63a1cb4d5	745MB
slam-toolbox	humble	8070f7ebe0d0	1.58GB
